{
  "project_info": {
    "project_number": "359605605986",
    "project_id": "friendly-d7b47",
    "storage_bucket": "friendly-d7b47.appspot.com"
  },
  "client": [
    {
      "client_info": {
        "mobilesdk_app_id": "1:359605605986:android:ccb84015167ca3b6e5a33b",
        "android_client_info": {
          "package_name": "com.example.friendly"
        }
      },
      "oauth_client": [
        {
          "client_id": "359605605986-6b7e4lgknqgh81q2rjia66qo93b197pi.apps.googleusercontent.com",
          "client_type": 1,
          "android_info": {
            "package_name": "com.example.friendly",
            "certificate_hash": "1716ec75cd31b54a04c5d70cf6915dd8d063ce1b"
          }
        },
        {
          "client_id": "359605605986-2il62qqh4s54bmbst8ai705l8btk3lhj.apps.googleusercontent.com",
          "client_type": 3
        }
      ],
      "api_key": [
        {
          "current_key": "AIzaSyDYcIk5qSFAWfMKWwPM19mO2fDbkahPC_8"
        }
      ],
      "services": {
        "appinvite_service": {
          "other_platform_oauth_client": [
            {
              "client_id": "359605605986-2il62qqh4s54bmbst8ai705l8btk3lhj.apps.googleusercontent.com",
              "client_type": 3
            }
          ]
        }
      }
    }
  ],
  "configuration_version": "1"
}